Модель,Абсолютная ошибка,smoker_yes,Группа charges
Одиночное дерево,719.434449999997,0.0,средние
Одиночное дерево,173.03744999996525,0.0,высокие
Одиночное дерево,2247.387364180984,1.0,очень высокие
Одиночное дерево,1530.224999999904,1.0,очень высокие
Одиночное дерево,104.58915000000161,0.0,средние
Одиночное дерево,182.97889999999688,0.0,низкие
Одиночное дерево,348.0684848569108,0.0,высокие
Одиночное дерево,417.353100000003,0.0,средние
Одиночное дерево,689.9772876545885,0.0,высокие
Одиночное дерево,458.6104262010631,0.0,высокие
Одиночное дерево,111.46495000000004,0.0,низкие
Одиночное дерево,117.26366885711559,0.0,низкие
Одиночное дерево,534.9571566164122,0.0,средние
Одиночное дерево,17479.401578927587,0.0,очень высокие
Одиночное дерево,2605.3393183274966,1.0,очень высокие
Одиночное дерево,100.45300493402738,0.0,низкие
Одиночное дерево,219.85717764737774,0.0,низкие
Одиночное дерево,553.7710259075175,0.0,низкие
Одиночное дерево,14677.655529999956,0.0,очень высокие
Одиночное дерево,15167.63032727054,1.0,очень высокие
Одиночное дерево,12946.746836154696,0.0,очень высокие
Одиночное дерево,332.2814579433252,0.0,средние
Одиночное дерево,353.52433384534106,0.0,средние
Одиночное дерево,385.33680526496937,0.0,высокие
Одиночное дерево,2151.7363389084785,1.0,очень высокие
Одиночное дерево,154.29589842046516,0.0,высокие
Одиночное дерево,681.7067876545807,0.0,высокие
Одиночное дерево,1601.251796650744,1.0,очень высокие
Одиночное дерево,76.51110768275703,0.0,низкие
Одиночное дерево,575.3007001721417,1.0,очень высокие
Одиночное дерево,178.97220415153242,0.0,высокие
Одиночное дерево,1126.6743110006064,1.0,очень высокие
Одиночное дерево,180.4266997012187,0.0,низкие
Одиночное дерево,527.0376984204613,0.0,высокие
Одиночное дерево,13.94312824077133,0.0,высокие
Одиночное дерево,1009.2075418733948,0.0,низкие
Одиночное дерево,871.9016945041385,0.0,средние
Одиночное дерево,1392.6122998278515,1.0,очень высокие
Одиночное дерево,892.5135181281776,0.0,низкие
Одиночное дерево,1048.0042641809887,1.0,очень высокие
Одиночное дерево,310.3099326184929,0.0,средние
Одиночное дерево,156.1863764279642,0.0,высокие
Одиночное дерево,288.07565000000386,0.0,низкие
Одиночное дерево,246.56696436380935,0.0,низкие
Одиночное дерево,22.01760000000013,0.0,низкие
Одиночное дерево,874.8710311428858,0.0,низкие
Одиночное дерево,2548.52008167249,1.0,очень высокие
Одиночное дерево,489.3122384889866,0.0,высокие
Одиночное дерево,924.4682683275023,1.0,очень высокие
Одиночное дерево,579.5407227294345,1.0,очень высокие
Одиночное дерево,284.7744918194853,0.0,низкие
Одиночное дерево,1165.8005999999896,0.0,средние
Одиночное дерево,13722.781800000033,0.0,очень высокие
Одиночное дерево,213.92299999999614,0.0,средние
Одиночное дерево,391.3331373622991,0.0,низкие
Одиночное дерево,12.015828240784685,0.0,высокие
Одиночное дерево,206.62472235262248,0.0,низкие
Одиночное дерево,0.0,0.0,высокие
Одиночное дерево,171.44697410229128,0.0,высокие
Одиночное дерево,104.99765175259381,0.0,средние
Одиночное дерево,15940.07230999997,0.0,очень высокие
Одиночное дерево,479.5202000000172,0.0,средние
Одиночное дерево,473.87800000000243,0.0,низкие
Одиночное дерево,693.8412661546608,0.0,средние
Одиночное дерево,30.382266238837474,0.0,высокие
Одиночное дерево,713.8831499999987,0.0,средние
Одиночное дерево,56.86057542598064,0.0,высокие
Одиночное дерево,0.3967373623004278,0.0,низкие
Одиночное дерево,2048.457303349198,1.0,очень высокие
Одиночное дерево,1017.6706953188004,0.0,высокие
Одиночное дерево,394.3868842118445,0.0,высокие
Одиночное дерево,493.41598678723494,0.0,средние
Одиночное дерево,220.83147590752014,0.0,низкие
Одиночное дерево,848.568502887123,1.0,очень высокие
Одиночное дерево,13764.059093879438,0.0,очень высокие
Одиночное дерево,7.950800000000527,0.0,низкие
Одиночное дерево,669.7098500000011,0.0,средние
Одиночное дерево,132.08175000000256,0.0,низкие
Одиночное дерево,186.48448423733498,1.0,очень высокие
Одиночное дерево,10300.245089049866,1.0,очень высокие
Одиночное дерево,7.922999999999547,0.0,низкие
Одиночное дерево,209.63964999996642,0.0,высокие
Одиночное дерево,485.576182618498,0.0,средние
Одиночное дерево,6.600233075877895,0.0,низкие
Одиночное дерево,188.97873384533887,0.0,средние
Одиночное дерево,686.3558410124369,0.0,средние
Одиночное дерево,577.9912000000004,0.0,низкие
Одиночное дерево,306.949599999999,0.0,низкие
Одиночное дерево,487.41540000000714,0.0,средние
Одиночное дерево,5.546099999985017,0.0,высокие
Одиночное дерево,460.20461321276343,0.0,средние
Одиночное дерево,374.4584500000019,0.0,низкие
Одиночное дерево,848.5972579433073,0.0,высокие
Одиночное дерево,196.77016615466255,0.0,средние
Одиночное дерево,1.070364363809631,0.0,низкие
Одиночное дерево,673.6895471128882,1.0,очень высокие
Одиночное дерево,625.5523499999827,0.0,средние
Одиночное дерево,24.957450000005338,0.0,низкие
Одиночное дерево,99.20769999998993,0.0,средние
Одиночное дерево,706.3564759075134,0.0,низкие
Одиночное дерево,142.60245000000486,0.0,средние
Одиночное дерево,1361.6857157627674,1.0,очень высокие
Одиночное дерево,438.0506451322635,0.0,низкие
Одиночное дерево,783.0225108614463,0.0,низкие
Одиночное дерево,761.0822867872394,0.0,средние
Одиночное дерево,406.64940184519673,0.0,низкие
Одиночное дерево,25.99293563619017,0.0,низкие
Одиночное дерево,18951.19320000001,0.0,очень высокие
Одиночное дерево,568.2531500000027,0.0,низкие
Одиночное дерево,1069.2504623454079,0.0,высокие
Одиночное дерево,1070.290299999997,0.0,средние
Одиночное дерево,17.736335636190006,0.0,низкие
Одиночное дерево,14.636700000010023,0.0,средние
Одиночное дерево,387.16199999999844,0.0,высокие
Одиночное дерево,580.1644000000015,0.0,высокие
Одиночное дерево,201.84709473503062,0.0,высокие
Одиночное дерево,2982.5255001721816,1.0,очень высокие
Одиночное дерево,701.922241012433,0.0,средние
Одиночное дерево,9.095950000005814,0.0,низкие
Одиночное дерево,0.0,0.0,высокие
Одиночное дерево,494.2819999999929,0.0,средние
Одиночное дерево,367.6422499999935,0.0,средние
Одиночное дерево,357.37509999999975,0.0,низкие
Одиночное дерево,96.46724999999878,0.0,низкие
Одиночное дерево,93.20711321276394,0.0,средние
Одиночное дерево,209.21602235262253,0.0,низкие
Одиночное дерево,413.40356387944485,0.0,высокие
Одиночное дерево,101.64699999999812,0.0,средние
Одиночное дерево,267.15795175260064,0.0,средние
Одиночное дерево,364.44350000000213,0.0,низкие
Одиночное дерево,1.7064999999975043,0.0,низкие
Одиночное дерево,1053.0955638794094,0.0,высокие
Одиночное дерево,53.76744531880104,0.0,высокие
Одиночное дерево,5.281999999999925,0.0,низкие
Одиночное дерево,907.4683410124335,0.0,средние
Одиночное дерево,3.4161999999978434,0.0,средние
Одиночное дерево,338.617341850967,0.0,средние
Одиночное дерево,534.4413391385542,0.0,средние
Одиночное дерево,367.1123000000298,0.0,высокие
Одиночное дерево,10390.748325819048,1.0,очень высокие
Одиночное дерево,540.7232669241207,0.0,низкие
Одиночное дерево,383.5774745739982,0.0,высокие
Одиночное дерево,24.89690000000064,0.0,средние
Одиночное дерево,362.8637241022752,0.0,высокие
Одиночное дерево,15124.220674681172,0.0,очень высокие
Одиночное дерево,494.04570000000786,0.0,средние
Одиночное дерево,178.2117500000022,0.0,высокие
Одиночное дерево,1403.9473151431066,0.0,высокие
Одиночное дерево,942.8020554958493,0.0,высокие
Одиночное дерево,24233.743746427986,0.0,очень высокие
Одиночное дерево,35.591298420467865,0.0,высокие
Одиночное дерево,8.880052156786405,0.0,высокие
Одиночное дерево,7.909191515444036,0.0,средние
Одиночное дерево,4748.936870000005,1.0,очень высокие
Одиночное дерево,387.04926436381106,0.0,низкие
Одиночное дерево,1.181408484556414,0.0,средние
Одиночное дерево,1102.628204415214,0.0,низкие
Одиночное дерево,22226.33028999994,0.0,очень высокие
Одиночное дерево,139.4389389992757,1.0,очень высокие
Одиночное дерево,22403.053673879476,0.0,очень высокие
Одиночное дерево,18113.60536157959,0.0,очень высокие
Одиночное дерево,101.224208987569,0.0,средние
Одиночное дерево,217.29635898756806,0.0,средние
Одиночное дерево,179.26871526805007,0.0,средние
Одиночное дерево,107.38836151098985,0.0,высокие
Одиночное дерево,2995.9745809501183,1.0,высокие
Одиночное дерево,69.87280768275559,0.0,низкие
Одиночное дерево,6784.561990000008,0.0,высокие
Одиночное дерево,676.8517811428824,0.0,низкие
Одиночное дерево,154.89187457402477,0.0,высокие
Одиночное дерево,520.7745001721341,1.0,очень высокие
Одиночное дерево,159.28740000000084,0.0,низкие
Одиночное дерево,2296.349500000055,1.0,очень высокие
Одиночное дерево,393.4710643638102,0.0,низкие
Одиночное дерево,2.1123864846990728,0.0,низкие
Одиночное дерево,136.775000000006,0.0,средние
Одиночное дерево,0.0,1.0,очень высокие
Одиночное дерево,362.33019107241853,0.0,высокие
Одиночное дерево,208.83559999999125,0.0,высокие
Одиночное дерево,170.5837920566937,0.0,средние
Одиночное дерево,16362.458770000016,0.0,очень высокие
Одиночное дерево,2099.047476118052,1.0,очень высокие
Одиночное дерево,116.27066615466538,0.0,средние
Одиночное дерево,293.77799999999297,0.0,средние
Одиночное дерево,358.5804842118523,0.0,высокие
Одиночное дерево,19130.54901692411,0.0,очень высокие
Одиночное дерево,5.504399999999805,0.0,низкие
Одиночное дерево,579.3512499999983,0.0,низкие
Одиночное дерево,821.9352499999295,1.0,очень высокие
Одиночное дерево,272.4986079433038,0.0,средние
Одиночное дерево,380.45630000001074,0.0,высокие
Одиночное дерево,10349.995109999994,0.0,очень высокие
Одиночное дерево,0.1379241022914357,0.0,высокие
Одиночное дерево,592.4466999999677,1.0,очень высокие
Одиночное дерево,225.34519231724403,0.0,низкие
Одиночное дерево,558.5198950659728,0.0,низкие
Одиночное дерево,725.6894910724332,0.0,высокие
Одиночное дерево,967.8591272705635,1.0,очень высокие
Одиночное дерево,2176.53264999999,1.0,очень высокие
Одиночное дерево,1253.5388809501346,1.0,высокие
Одиночное дерево,2549.3031610007165,1.0,очень высокие
Одиночное дерево,93.8679499999962,0.0,средние
Одиночное дерево,1434.964863879437,0.0,высокие
Одиночное дерево,2815.799700172116,1.0,очень высокие
Одиночное дерево,379.7276241022555,0.0,высокие
Одиночное дерево,590.5289999999968,0.0,высокие
Одиночное дерево,109.73214999999891,0.0,средние
Одиночное дерево,35.53569842047,0.0,высокие
Одиночное дерево,5.560000000000173,0.0,низкие
Одиночное дерево,668.4326500000016,0.0,средние
Одиночное дерево,1837.7145190498813,1.0,очень высокие
Одиночное дерево,34.04053376115553,0.0,высокие
Одиночное дерево,0.8778500000098575,0.0,средние
Одиночное дерево,198.61886615465846,0.0,средние
Одиночное дерево,582.6861107647637,1.0,очень высокие
Одиночное дерево,1180.6266848569358,0.0,высокие
Одиночное дерево,1269.56945000001,1.0,очень высокие
Одиночное дерево,1037.4867445041464,0.0,средние
Одиночное дерево,2803.6361971128717,1.0,очень высокие
Одиночное дерево,2077.5573309501196,1.0,высокие
Одиночное дерево,26.113073882028402,1.0,очень высокие
Одиночное дерево,468.05455288718076,1.0,очень высокие
Одиночное дерево,126.99797379893062,0.0,высокие
Одиночное дерево,330.3820081490303,0.0,средние
Одиночное дерево,187.88671526804592,0.0,средние
Одиночное дерево,288.3514999999934,0.0,высокие
Одиночное дерево,324.20799181948496,0.0,низкие
Одиночное дерево,1180.109799999991,1.0,очень высокие
Одиночное дерево,276.3232000000039,0.0,низкие
Одиночное дерево,301.4126999999917,0.0,высокие
Одиночное дерево,97.23175000000037,0.0,низкие
Одиночное дерево,1062.7351033492014,1.0,очень высокие
Одиночное дерево,490.79933384533615,0.0,средние
Одиночное дерево,537.0810015795341,0.0,высокие
Одиночное дерево,142.11049107242798,0.0,высокие
Одиночное дерево,347.04656100065404,1.0,очень высокие
Одиночное дерево,91.54880000000321,0.0,средние
Одиночное дерево,1629.109596650782,1.0,очень высокие
Одиночное дерево,1462.5593610006763,1.0,очень высокие
Одиночное дерево,68.80830468118438,0.0,высокие
Одиночное дерево,18152.05538000005,1.0,очень высокие
Одиночное дерево,392.4658999999938,0.0,высокие
Одиночное дерево,2618.9727998278977,1.0,очень высокие
Одиночное дерево,1058.8404727294546,1.0,очень высокие
Одиночное дерево,588.9999999999998,0.0,низкие
Одиночное дерево,514.9549746353905,0.0,средние
Одиночное дерево,1691.489475272363,1.0,очень высокие
Одиночное дерево,556.3751632127642,0.0,средние
Одиночное дерево,710.8042999999934,0.0,низкие
Одиночное дерево,1.5845999999969536,0.0,низкие
Одиночное дерево,423.37037590751424,0.0,низкие
Одиночное дерево,1054.911715762726,1.0,очень высокие
Одиночное дерево,16.12399999999934,0.0,низкие
Одиночное дерево,228.8589499999989,0.0,средние
Одиночное дерево,959.7080610006742,1.0,очень высокие
Одиночное дерево,546.6681932813754,0.0,высокие
Одиночное дерево,575.6582673815028,0.0,низкие
Одиночное дерево,1249.6578046811937,0.0,высокие
Одиночное дерево,393.3834499999721,0.0,средние
Одиночное дерево,583.396150000006,0.0,средние
Одиночное дерево,284.64234999999553,0.0,низкие
Одиночное дерево,316.2574632127589,0.0,средние
Одиночное дерево,272.4305418733875,0.0,средние
Одиночное дерево,2711.5731816724947,1.0,очень высокие
Одиночное дерево,576.3042041515237,0.0,высокие
Одиночное дерево,2.6402782407913037,0.0,высокие
Одиночное дерево,122.99685000012687,1.0,очень высокие
Одиночное дерево,517.6145169241213,0.0,низкие
Bagging,1177.7440829479729,0.0,средние
Bagging,276.51660407410964,0.0,высокие
Bagging,32.08120127071743,1.0,очень высокие
Bagging,935.8430862660898,1.0,очень высокие
Bagging,271.6675489699237,0.0,средние
Bagging,726.1317273038385,0.0,низкие
Bagging,988.8575520128361,0.0,высокие
Bagging,783.8364377592852,0.0,средние
Bagging,419.5266797538352,0.0,высокие
Bagging,336.7813801497614,0.0,высокие
Bagging,272.8901224794404,0.0,низкие
Bagging,843.5712727548612,0.0,низкие
Bagging,449.7694448264283,0.0,средние
Bagging,15513.659296621958,0.0,очень высокие
Bagging,2447.5007159195884,1.0,очень высокие
Bagging,336.8826611077361,0.0,низкие
Bagging,600.8210425135471,0.0,низкие
Bagging,1752.4046938368283,0.0,низкие
Bagging,14537.317501439109,0.0,очень высокие
Bagging,11119.086424936559,1.0,очень высокие
Bagging,13185.542314452692,0.0,очень высокие
Bagging,996.147601937224,0.0,средние
Bagging,25.90681867657713,0.0,средние
Bagging,378.75007633716996,0.0,высокие
Bagging,2075.946915578126,1.0,очень высокие
Bagging,632.8410084317293,0.0,высокие
Bagging,856.854087119802,0.0,высокие
Bagging,4841.711294539797,1.0,очень высокие
Bagging,147.365061326449,0.0,низкие
Bagging,1911.3033042276147,1.0,очень высокие
Bagging,926.5142536739495,0.0,высокие
Bagging,2512.520631318588,1.0,очень высокие
Bagging,4063.6513856325005,0.0,низкие
Bagging,896.1540967605924,0.0,высокие
Bagging,932.8081792590365,0.0,высокие
Bagging,1962.6456182962338,0.0,низкие
Bagging,283.52754082105275,0.0,средние
Bagging,495.56591789748927,1.0,очень высокие
Bagging,1179.896012827051,0.0,низкие
Bagging,2263.6021224483593,1.0,очень высокие
Bagging,220.75419610229528,0.0,средние
Bagging,953.8917763371628,0.0,высокие
Bagging,176.26355061357117,0.0,низкие
Bagging,395.9183567441253,0.0,низкие
Bagging,802.0677664456891,0.0,низкие
Bagging,965.3957638187826,0.0,низкие
Bagging,1525.1551814969716,1.0,очень высокие
Bagging,721.8686724819527,0.0,высокие
Bagging,835.2977852595213,1.0,очень высокие
Bagging,94.32332886505537,1.0,очень высокие
Bagging,643.93104538652,0.0,низкие
Bagging,1984.690297394629,0.0,средние
Bagging,12496.72802507209,0.0,очень высокие
Bagging,743.0613844238678,0.0,средние
Bagging,253.49152301395497,0.0,низкие
Bagging,648.5064813062854,0.0,высокие
Bagging,1140.5467393366484,0.0,низкие
Bagging,461.4999341269813,0.0,высокие
Bagging,1541.44203297889,0.0,высокие
Bagging,313.2760759749599,0.0,средние
Bagging,15458.045286218794,0.0,очень высокие
Bagging,2484.816960001037,0.0,средние
Bagging,587.6781670180308,0.0,низкие
Bagging,685.0073407514947,0.0,средние
Bagging,162.61300421753185,0.0,высокие
Bagging,1158.9254739931212,0.0,средние
Bagging,321.89729578245715,0.0,высокие
Bagging,96.45581431995697,0.0,низкие
Bagging,1050.352135479221,1.0,очень высокие
Bagging,2263.463349460031,0.0,высокие
Bagging,791.0756607999501,0.0,высокие
Bagging,661.5759634776932,0.0,средние
Bagging,1278.1650662701295,0.0,низкие
Bagging,2265.1461257032533,1.0,очень высокие
Bagging,13288.516709365558,0.0,очень высокие
Bagging,816.1345664456887,0.0,низкие
Bagging,1403.086897603689,0.0,средние
Bagging,6.897012809870375,0.0,низкие
Bagging,111.68363239544851,1.0,очень высокие
Bagging,9560.733980053203,1.0,очень высокие
Bagging,622.0201408818241,0.0,низкие
Bagging,630.7220024762155,0.0,высокие
Bagging,517.0875830082323,0.0,средние
Bagging,93.24045831169815,0.0,низкие
Bagging,273.4327422694905,0.0,средние
Bagging,468.85983927480993,0.0,средние
Bagging,557.1540561603772,0.0,низкие
Bagging,1020.3124940646826,0.0,низкие
Bagging,544.3154362103951,0.0,средние
Bagging,1258.5228432697932,0.0,высокие
Bagging,289.5325532781071,0.0,средние
Bagging,825.06662333429,0.0,низкие
Bagging,1374.5351422771528,0.0,высокие
Bagging,451.1393767051659,0.0,средние
Bagging,638.4047271359423,0.0,низкие
Bagging,185.01638319618723,1.0,очень высокие
Bagging,187.88732897185218,0.0,средние
Bagging,219.69343417568552,0.0,низкие
Bagging,567.9017286621911,0.0,средние
Bagging,1623.5116715955219,0.0,низкие
Bagging,211.9657862609456,0.0,средние
Bagging,1305.5486941704803,1.0,очень высокие
Bagging,882.545897529054,0.0,низкие
Bagging,1637.6536316163806,0.0,низкие
Bagging,1070.4056163643145,0.0,средние
Bagging,356.34877481676585,0.0,низкие
Bagging,431.1766258207333,0.0,низкие
Bagging,18410.24752211378,0.0,очень высокие
Bagging,735.6523121658397,0.0,низкие
Bagging,634.4218361740823,0.0,высокие
Bagging,382.488010689397,0.0,средние
Bagging,440.1889447189601,0.0,низкие
Bagging,2058.5501145076705,0.0,средние
Bagging,596.3226357963904,0.0,высокие
Bagging,1350.9495486437427,0.0,высокие
Bagging,966.4354209532721,0.0,высокие
Bagging,1375.2709538380368,1.0,очень высокие
Bagging,169.92249732866821,0.0,средние
Bagging,77.18567064700665,0.0,низкие
Bagging,1735.6234420104975,0.0,высокие
Bagging,458.38890416856975,0.0,средние
Bagging,438.6150730984891,0.0,средние
Bagging,19.609200419309218,0.0,низкие
Bagging,107.82842026979051,0.0,низкие
Bagging,376.78045827363167,0.0,средние
Bagging,30.746732890512703,0.0,низкие
Bagging,171.84054045042103,0.0,высокие
Bagging,203.45779941409273,0.0,средние
Bagging,775.8918540051045,0.0,средние
Bagging,1042.437494095263,0.0,низкие
Bagging,1060.202948008111,0.0,низкие
Bagging,250.6221749827364,0.0,высокие
Bagging,1517.6673797937583,0.0,высокие
Bagging,212.1449946407788,0.0,низкие
Bagging,822.7777217899402,0.0,средние
Bagging,1141.0817761008602,0.0,средние
Bagging,1190.8610490979772,0.0,средние
Bagging,57.15785043533015,0.0,средние
Bagging,1779.0130581544126,0.0,высокие
Bagging,8834.437135245513,1.0,очень высокие
Bagging,269.2450021003983,0.0,низкие
Bagging,63.0154796246552,0.0,высокие
Bagging,268.4724988916032,0.0,средние
Bagging,1671.3731406256538,0.0,высокие
Bagging,13620.850309542891,0.0,очень высокие
Bagging,2455.533937017237,0.0,средние
Bagging,453.6182656629262,0.0,высокие
Bagging,717.5953070274118,0.0,высокие
Bagging,1229.578656131932,0.0,высокие
Bagging,23114.1094687418,0.0,очень высокие
Bagging,878.7256608331318,0.0,высокие
Bagging,1316.6111100770777,0.0,высокие
Bagging,910.8916140698102,0.0,средние
Bagging,5987.098549794711,1.0,очень высокие
Bagging,235.54873500115627,0.0,низкие
Bagging,658.1157932310089,0.0,средние
Bagging,1089.2003627462755,0.0,низкие
Bagging,21790.443625829495,0.0,очень высокие
Bagging,361.34634232934695,1.0,очень высокие
Bagging,21384.01105226033,0.0,очень высокие
Bagging,17004.17180533387,0.0,очень высокие
Bagging,74.83196728008352,0.0,средние
Bagging,340.3065919108212,0.0,средние
Bagging,738.937974423694,0.0,средние
Bagging,7.412573689036435,0.0,высокие
Bagging,3260.7347740312125,1.0,высокие
Bagging,1099.2736084347134,0.0,низкие
Bagging,6756.236954933989,0.0,высокие
Bagging,1146.4492598835714,0.0,низкие
Bagging,16.39978163518026,0.0,высокие
Bagging,838.0116419715341,1.0,очень высокие
Bagging,465.1170466671938,0.0,низкие
Bagging,1340.9384547400914,1.0,очень высокие
Bagging,449.190600007601,0.0,низкие
Bagging,134.7272946407786,0.0,низкие
Bagging,595.0846329479818,0.0,средние
Bagging,637.1906339617126,1.0,очень высокие
Bagging,2417.655726947256,0.0,высокие
Bagging,1732.7576369391518,0.0,высокие
Bagging,1318.4815868525857,0.0,средние
Bagging,16190.472330516934,0.0,очень высокие
Bagging,1564.979865607922,1.0,очень высокие
Bagging,634.6134124440205,0.0,средние
Bagging,1061.2093453119305,0.0,средние
Bagging,1473.4974804432804,0.0,высокие
Bagging,19175.446961585036,0.0,очень высокие
Bagging,716.9988665327971,0.0,низкие
Bagging,936.0933947592912,0.0,низкие
Bagging,1303.138034818694,1.0,очень высокие
Bagging,1776.6039162779325,0.0,средние
Bagging,186.80453279835638,0.0,высокие
Bagging,9756.624584758943,0.0,очень высокие
Bagging,1432.4553990037857,0.0,высокие
Bagging,428.2210842348868,1.0,очень высокие
Bagging,616.7839989863685,0.0,низкие
Bagging,769.7141368235903,0.0,низкие
Bagging,2782.741223828314,0.0,высокие
Bagging,915.119175206728,1.0,очень высокие
Bagging,197.38622477329045,1.0,очень высокие
Bagging,1339.5430365096217,1.0,высокие
Bagging,3214.5197747834172,1.0,очень высокие
Bagging,494.1931557725311,0.0,средние
Bagging,731.4779479806839,0.0,высокие
Bagging,437.96516514662653,1.0,очень высокие
Bagging,1627.5606819758323,0.0,высокие
Bagging,2309.1197752829376,0.0,высокие
Bagging,276.810548969921,0.0,средние
Bagging,457.49066903264065,0.0,высокие
Bagging,619.6571408818247,0.0,низкие
Bagging,719.2255973431656,0.0,средние
Bagging,891.5794337214757,1.0,очень высокие
Bagging,295.55728802871454,0.0,высокие
Bagging,880.0516861384676,0.0,средние
Bagging,452.9880767051618,0.0,средние
Bagging,217.7646962286599,1.0,очень высокие
Bagging,1723.7160848223284,0.0,высокие
Bagging,2239.2262459303347,1.0,очень высокие
Bagging,677.6084940354713,0.0,средние
Bagging,616.4775092692616,1.0,очень высокие
Bagging,2030.4211397928793,1.0,высокие
Bagging,1023.5535931636186,1.0,очень высокие
Bagging,1884.632175703311,1.0,очень высокие
Bagging,24.223219168419746,0.0,высокие
Bagging,883.722147517502,0.0,средние
Bagging,799.5494170106695,0.0,средние
Bagging,1262.5303572873618,0.0,высокие
Bagging,901.9384364964535,0.0,низкие
Bagging,1268.7450403016446,1.0,очень высокие
Bagging,260.24079957430877,0.0,низкие
Bagging,1149.9677534065613,0.0,высокие
Bagging,557.7941057795042,0.0,низкие
Bagging,516.7588368797151,1.0,очень высокие
Bagging,229.01133214629772,0.0,средние
Bagging,30.844647278843695,0.0,высокие
Bagging,2141.1534180641083,0.0,высокие
Bagging,1301.357278038995,1.0,очень высокие
Bagging,805.1206625152145,0.0,средние
Bagging,3761.2613748989716,1.0,очень высокие
Bagging,5970.676291638745,1.0,очень высокие
Bagging,1297.4101838884071,0.0,высокие
Bagging,18661.305387550274,1.0,очень высокие
Bagging,1752.1753967209988,0.0,высокие
Bagging,171.59114872133068,1.0,очень высокие
Bagging,1125.9889778895267,1.0,очень высокие
Bagging,324.2213493218569,0.0,низкие
Bagging,820.9575473470695,0.0,средние
Bagging,379.08616664999863,1.0,очень высокие
Bagging,499.2050942287178,0.0,средние
Bagging,1675.9638058043083,0.0,низкие
Bagging,8.312449951338749,0.0,низкие
Bagging,2049.9758471093255,0.0,низкие
Bagging,1520.937717199602,1.0,очень высокие
Bagging,426.1857384149514,0.0,низкие
Bagging,829.5016542603089,0.0,средние
Bagging,3798.72338166213,1.0,очень высокие
Bagging,1242.3410312421602,0.0,высокие
Bagging,743.2313788467527,0.0,низкие
Bagging,477.1260470508878,0.0,высокие
Bagging,1039.6120765140513,0.0,средние
Bagging,66.22410845943887,0.0,средние
Bagging,1065.0233787061961,0.0,низкие
Bagging,277.25660249592784,0.0,средние
Bagging,1076.0680511258952,0.0,средние
Bagging,1441.9853525931758,1.0,очень высокие
Bagging,1204.5622594114739,0.0,высокие
Bagging,647.6219004649647,0.0,высокие
Bagging,2604.6360068765644,1.0,очень высокие
Bagging,435.94022838253204,0.0,низкие
Random Forest,1160.3000376380633,0.0,средние
Random Forest,744.8196363151637,0.0,высокие
Random Forest,624.7115788401024,1.0,очень высокие
Random Forest,746.087006606147,1.0,очень высокие
Random Forest,141.4331676300717,0.0,средние
Random Forest,517.8946325779839,0.0,низкие
Random Forest,713.7994912823488,0.0,высокие
Random Forest,462.792519974023,0.0,средние
Random Forest,252.208686523285,0.0,высокие
Random Forest,575.7129778572034,0.0,высокие
Random Forest,207.89746303131597,0.0,низкие
Random Forest,602.0325000232942,0.0,низкие
Random Forest,107.9544149329522,0.0,средние
Random Forest,15496.636015239923,0.0,очень высокие
Random Forest,2156.549884576387,1.0,очень высокие
Random Forest,402.81609830900106,0.0,низкие
Random Forest,739.4726051956522,0.0,низкие
Random Forest,1688.6365259234644,0.0,низкие
Random Forest,14741.135647519566,0.0,очень высокие
Random Forest,12625.26848474608,1.0,очень высокие
Random Forest,12677.29262371601,0.0,очень высокие
Random Forest,1182.4357544890045,0.0,средние
Random Forest,323.8221383562777,0.0,средние
Random Forest,280.2132854027677,0.0,высокие
Random Forest,1469.557908863695,1.0,очень высокие
Random Forest,476.8172038708817,0.0,высокие
Random Forest,942.2049801723351,0.0,высокие
Random Forest,4604.440434173139,1.0,очень высокие
Random Forest,145.60470727455095,0.0,низкие
Random Forest,1954.0952524368404,1.0,очень высокие
Random Forest,664.5621496330896,0.0,высокие
Random Forest,1549.9294873191466,1.0,очень высокие
Random Forest,3985.245037691559,0.0,низкие
Random Forest,748.6464667094788,0.0,высокие
Random Forest,855.3233135077644,0.0,высокие
Random Forest,2491.859796639693,0.0,низкие
Random Forest,80.05184966749039,0.0,средние
Random Forest,336.30876086399803,1.0,очень высокие
Random Forest,1137.3499278268273,0.0,низкие
Random Forest,1877.350820629319,1.0,очень высокие
Random Forest,572.3750692796157,0.0,средние
Random Forest,848.4658541282934,0.0,высокие
Random Forest,400.0099309736406,0.0,низкие
Random Forest,488.35123268594384,0.0,низкие
Random Forest,813.8205112748974,0.0,низкие
Random Forest,615.3187660548406,0.0,низкие
Random Forest,2549.964093388262,1.0,очень высокие
Random Forest,1087.7127369441077,0.0,высокие
Random Forest,428.7035752400916,1.0,очень высокие
Random Forest,157.05170438214554,1.0,очень высокие
Random Forest,812.1764013329725,0.0,низкие
Random Forest,2058.218926325051,0.0,средние
Random Forest,12308.675687210354,0.0,очень высокие
Random Forest,695.4319436956439,0.0,средние
Random Forest,334.7634046571966,0.0,низкие
Random Forest,453.66901406841316,0.0,высокие
Random Forest,1123.5880127226606,0.0,низкие
Random Forest,285.7488092814783,0.0,высокие
Random Forest,1425.3377132809474,0.0,высокие
Random Forest,613.2301440978317,0.0,средние
Random Forest,15750.397074778935,0.0,очень высокие
Random Forest,1926.2035627745463,0.0,средние
Random Forest,359.5614355391044,0.0,низкие
Random Forest,327.84886187935626,0.0,средние
Random Forest,150.91794158652192,0.0,высокие
Random Forest,926.6955266299819,0.0,средние
Random Forest,276.8202989839483,0.0,высокие
Random Forest,56.52684864312869,0.0,низкие
Random Forest,1748.9052062687297,1.0,очень высокие
Random Forest,2256.5371140733732,0.0,высокие
Random Forest,632.0768785264663,0.0,высокие
Random Forest,639.6237670593264,0.0,средние
Random Forest,1417.562475115742,0.0,низкие
Random Forest,2398.546159586487,1.0,очень высокие
Random Forest,13476.349445872193,0.0,очень высокие
Random Forest,827.887311274897,0.0,низкие
Random Forest,1150.8944819476292,0.0,средние
Random Forest,248.21370002414642,0.0,низкие
Random Forest,116.72607967368094,1.0,очень высокие
Random Forest,9647.887965718659,1.0,очень высокие
Random Forest,607.938700841092,0.0,низкие
Random Forest,764.081280733406,0.0,высокие
Random Forest,775.0193253226098,0.0,средние
Random Forest,297.5744000166196,0.0,низкие
Random Forest,43.34590923806627,0.0,средние
Random Forest,7.844327556467761,0.0,средние
Random Forest,716.4734216797794,0.0,низкие
Random Forest,869.179153732488,0.0,низкие
Random Forest,339.6824322724906,0.0,средние
Random Forest,1188.8462059166686,0.0,высокие
Random Forest,224.54660360406888,0.0,средние
Random Forest,425.45824757808714,0.0,низкие
Random Forest,1434.1940338069344,0.0,высокие
Random Forest,140.6874731213993,0.0,средние
Random Forest,700.8980582813647,0.0,низкие
Random Forest,106.55677103518974,1.0,очень высокие
Random Forest,441.0998963798502,0.0,средние
Random Forest,220.10341798162517,0.0,низкие
Random Forest,723.2918818934704,0.0,средние
Random Forest,1383.232144938257,0.0,низкие
Random Forest,7.468924347112079,0.0,средние
Random Forest,1002.4037819860605,1.0,очень высокие
Random Forest,792.0087821461166,0.0,низкие
Random Forest,1185.4533855624727,0.0,низкие
Random Forest,695.5684831101826,0.0,средние
Random Forest,796.4752228396924,0.0,низкие
Random Forest,444.11884588802377,0.0,низкие
Random Forest,18640.5911533529,0.0,очень высокие
Random Forest,1038.0972929845652,0.0,низкие
Random Forest,686.9020350514747,0.0,высокие
Random Forest,164.83885907421427,0.0,средние
Random Forest,512.2713234632915,0.0,низкие
Random Forest,1986.4282123902067,0.0,средние
Random Forest,340.91149838664023,0.0,высокие
Random Forest,1488.1752355446424,0.0,высокие
Random Forest,769.6768453877012,0.0,высокие
Random Forest,906.4657219790897,1.0,очень высокие
Random Forest,131.99542687782014,0.0,средние
Random Forest,484.9120520879733,0.0,низкие
Random Forest,1638.8430286458242,0.0,высокие
Random Forest,394.7675807353571,0.0,средние
Random Forest,431.1544082629807,0.0,средние
Random Forest,64.21643289956864,0.0,низкие
Random Forest,232.0368166970161,0.0,низкие
Random Forest,550.191759094042,0.0,средние
Random Forest,26.345801881244824,0.0,низкие
Random Forest,6.984157829660035,0.0,высокие
Random Forest,424.86816866778736,0.0,средние
Random Forest,1092.6418298512626,0.0,средние
Random Forest,909.7129466008182,0.0,низкие
Random Forest,1255.4492640757744,0.0,низкие
Random Forest,53.513950188274976,0.0,высокие
Random Forest,2004.9444140001688,0.0,высокие
Random Forest,153.92471625686608,0.0,низкие
Random Forest,586.0084322297025,0.0,средние
Random Forest,762.9420298635923,0.0,средние
Random Forest,1051.932789394068,0.0,средние
Random Forest,54.52298747229179,0.0,средние
Random Forest,1650.0931810928305,0.0,высокие
Random Forest,8633.234416219828,1.0,очень высокие
Random Forest,430.7363856672455,0.0,низкие
Random Forest,84.7523139275163,0.0,высокие
Random Forest,1027.0756135276406,0.0,средние
Random Forest,1663.2036861251745,0.0,высокие
Random Forest,13439.409926297252,0.0,очень высокие
Random Forest,2339.6129135529955,0.0,средние
Random Forest,170.45041323742043,0.0,высокие
Random Forest,747.3640973108231,0.0,высокие
Random Forest,409.9083509197826,0.0,высокие
Random Forest,23150.309676783334,0.0,очень высокие
Random Forest,355.65808138955435,0.0,высокие
Random Forest,1427.6326468845,0.0,высокие
Random Forest,974.2062268239451,0.0,средние
Random Forest,5921.015687625957,1.0,очень высокие
Random Forest,273.3687095304599,0.0,низкие
Random Forest,449.35984288602594,0.0,средние
Random Forest,1452.2583294576325,0.0,низкие
Random Forest,21893.896753577603,0.0,очень высокие
Random Forest,300.5792672458956,1.0,очень высокие
Random Forest,21905.405009088376,0.0,очень высокие
Random Forest,16900.634830313902,0.0,очень высокие
Random Forest,222.41119637712927,0.0,средние
Random Forest,229.4478384918266,0.0,средние
Random Forest,772.1290106795695,0.0,средние
Random Forest,396.70423672282413,0.0,высокие
Random Forest,3119.2979095665723,1.0,высокие
Random Forest,1178.6386495330453,0.0,низкие
Random Forest,6751.119674235843,0.0,высокие
Random Forest,805.5021751212662,0.0,низкие
Random Forest,142.6840931745155,0.0,высокие
Random Forest,1404.2703282456569,1.0,очень высокие
Random Forest,451.4540646865039,0.0,низкие
Random Forest,1010.909331828334,1.0,очень высокие
Random Forest,456.81955195937235,0.0,низкие
Random Forest,82.13926389624498,0.0,низкие
Random Forest,597.5223627577343,0.0,средние
Random Forest,23.126291947577556,1.0,очень высокие
Random Forest,2396.8439425371744,0.0,высокие
Random Forest,1608.7512167482291,0.0,высокие
Random Forest,1331.476700214178,0.0,средние
Random Forest,16237.38572097769,0.0,очень высокие
Random Forest,1380.203198008814,1.0,очень высокие
Random Forest,84.91789002884889,0.0,средние
Random Forest,1014.8714557391941,0.0,средние
Random Forest,1489.9921719753456,0.0,высокие
Random Forest,19100.261796241106,0.0,очень высокие
Random Forest,835.0847859890098,0.0,низкие
Random Forest,563.8591907538462,0.0,низкие
Random Forest,378.23503123159026,1.0,очень высокие
Random Forest,1663.138462965273,0.0,средние
Random Forest,39.39297320631886,0.0,высокие
Random Forest,10011.3345418448,0.0,очень высокие
Random Forest,1565.6913768053746,0.0,высокие
Random Forest,580.4174602889507,1.0,очень высокие
Random Forest,607.239393333313,0.0,низкие
Random Forest,867.8513447257105,0.0,низкие
Random Forest,2812.954831581159,0.0,высокие
Random Forest,856.1528559199141,1.0,очень высокие
Random Forest,395.4169481297977,1.0,очень высокие
Random Forest,1207.5703118125166,1.0,высокие
Random Forest,3081.520606805996,1.0,очень высокие
Random Forest,405.48685338668656,0.0,средние
Random Forest,1039.840484048318,0.0,высокие
Random Forest,185.09071269207925,1.0,очень высокие
Random Forest,1581.7551498383746,0.0,высокие
Random Forest,1816.3804673130016,0.0,высокие
Random Forest,78.50988066258469,0.0,средние
Random Forest,213.7353494082472,0.0,высокие
Random Forest,643.3352571683035,0.0,низкие
Random Forest,589.4170912542813,0.0,средние
Random Forest,492.4498341800536,1.0,очень высокие
Random Forest,600.1339462776705,0.0,высокие
Random Forest,282.68280029575726,0.0,средние
Random Forest,280.35584257722076,0.0,средние
Random Forest,616.3250814727253,1.0,очень высокие
Random Forest,1243.666625040083,0.0,высокие
Random Forest,1997.0280227272924,1.0,очень высокие
Random Forest,1037.2024335039632,0.0,средние
Random Forest,706.8108251300546,1.0,очень высокие
Random Forest,1733.5693176138284,1.0,высокие
Random Forest,740.4205593522347,1.0,очень высокие
Random Forest,1931.7400937601378,1.0,очень высокие
Random Forest,279.78111325127065,0.0,высокие
Random Forest,860.8711381264156,0.0,средние
Random Forest,689.5042859729256,0.0,средние
Random Forest,928.4459112523946,0.0,высокие
Random Forest,533.4204413941352,0.0,низкие
Random Forest,939.6933924265759,1.0,очень высокие
Random Forest,165.38659724704485,0.0,низкие
Random Forest,1253.7115000355043,0.0,высокие
Random Forest,554.9947373823206,0.0,низкие
Random Forest,80.65730822913247,1.0,очень высокие
Random Forest,544.9065933366828,0.0,средние
Random Forest,260.0627238106972,0.0,высокие
Random Forest,1823.7731265649545,0.0,высокие
Random Forest,1064.2442475400348,1.0,очень высокие
Random Forest,728.299553677557,0.0,средние
Random Forest,2728.7340324639554,1.0,очень высокие
Random Forest,4520.170658243125,1.0,очень высокие
Random Forest,1610.6824367386816,0.0,высокие
Random Forest,17174.840910290557,1.0,очень высокие
Random Forest,1129.4092054081812,0.0,высокие
Random Forest,119.18254263919516,1.0,очень высокие
Random Forest,926.4568266379611,1.0,очень высокие
Random Forest,485.33212197235207,0.0,низкие
Random Forest,695.5030354575911,0.0,средние
Random Forest,389.0566765911135,1.0,очень высокие
Random Forest,973.0323576271348,0.0,средние
Random Forest,1609.036883216154,0.0,низкие
Random Forest,241.70434432081493,0.0,низкие
Random Forest,2288.826206117771,0.0,низкие
Random Forest,847.2546586078752,1.0,очень высокие
Random Forest,388.6755399872743,0.0,низкие
Random Forest,789.4680324663022,0.0,средние
Random Forest,3226.4456211961624,1.0,очень высокие
Random Forest,1191.6412500163115,0.0,высокие
Random Forest,706.0421553616734,0.0,низкие
Random Forest,898.7279709731429,0.0,высокие
Random Forest,709.0208838275539,0.0,средние
Random Forest,126.98347062766152,0.0,средние
Random Forest,1388.713313783599,0.0,низкие
Random Forest,127.283500364274,0.0,средние
Random Forest,1445.460906066981,0.0,средние
Random Forest,2083.2080306221396,1.0,очень высокие
Random Forest,1047.408862403894,0.0,высокие
Random Forest,698.7860642836749,0.0,высокие
Random Forest,3071.8151636557886,1.0,очень высокие
Random Forest,557.9204948959209,0.0,низкие
Gradient Boosting,1210.3848231596994,0.0,средние
Gradient Boosting,1091.993429620692,0.0,высокие
Gradient Boosting,487.31573021316217,1.0,очень высокие
Gradient Boosting,2929.678430457854,1.0,очень высокие
Gradient Boosting,142.0679413160642,0.0,средние
Gradient Boosting,244.06857296428188,0.0,низкие
Gradient Boosting,883.8472540693674,0.0,высокие
Gradient Boosting,511.90282921933886,0.0,средние
Gradient Boosting,203.01842779600338,0.0,высокие
Gradient Boosting,709.3500921925825,0.0,высокие
Gradient Boosting,39.722569037890025,0.0,низкие
Gradient Boosting,904.3335019668207,0.0,низкие
Gradient Boosting,183.91725348595173,0.0,средние
Gradient Boosting,15694.617204154982,0.0,очень высокие
Gradient Boosting,2676.6146977346507,1.0,очень высокие
Gradient Boosting,191.28847682891956,0.0,низкие
Gradient Boosting,616.4699137385701,0.0,низкие
Gradient Boosting,1688.572859263345,0.0,низкие
Gradient Boosting,14547.744621688304,0.0,очень высокие
Gradient Boosting,14285.129455396047,1.0,очень высокие
Gradient Boosting,12199.735069799863,0.0,очень высокие
Gradient Boosting,816.1538009829164,0.0,средние
Gradient Boosting,365.0894774632616,0.0,средние
Gradient Boosting,477.8170219631065,0.0,высокие
Gradient Boosting,1646.795818923536,1.0,очень высокие
Gradient Boosting,508.0219336175487,0.0,высокие
Gradient Boosting,694.3757879928035,0.0,высокие
Gradient Boosting,1973.9440577743844,1.0,очень высокие
Gradient Boosting,196.52432365955883,0.0,низкие
Gradient Boosting,360.86143449613155,1.0,очень высокие
Gradient Boosting,619.9531557467872,0.0,высокие
Gradient Boosting,887.8614193321846,1.0,очень высокие
Gradient Boosting,2277.814613674908,0.0,низкие
Gradient Boosting,326.6337969022843,0.0,высокие
Gradient Boosting,601.8978770915219,0.0,высокие
Gradient Boosting,1891.0377759328658,0.0,низкие
Gradient Boosting,183.80743490473378,0.0,средние
Gradient Boosting,619.4220321679386,1.0,очень высокие
Gradient Boosting,1481.2347605515415,0.0,низкие
Gradient Boosting,1266.0408103249429,1.0,очень высокие
Gradient Boosting,670.9549378170514,0.0,средние
Gradient Boosting,1162.8428140005344,0.0,высокие
Gradient Boosting,428.86755893813915,0.0,низкие
Gradient Boosting,357.35002177286174,0.0,низкие
Gradient Boosting,671.6310974821017,0.0,низкие
Gradient Boosting,431.811280542458,0.0,низкие
Gradient Boosting,210.9792111470888,1.0,очень высокие
Gradient Boosting,399.92865553612137,0.0,высокие
Gradient Boosting,227.09798965771915,1.0,очень высокие
Gradient Boosting,1398.3697066208842,1.0,очень высокие
Gradient Boosting,529.734132165428,0.0,низкие
Gradient Boosting,1777.2470829359609,0.0,средние
Gradient Boosting,12447.702156408568,0.0,очень высокие
Gradient Boosting,917.512388662858,0.0,средние
Gradient Boosting,245.55694202352197,0.0,низкие
Gradient Boosting,669.5019878997864,0.0,высокие
Gradient Boosting,846.9190604651599,0.0,низкие
Gradient Boosting,1200.4412273357812,0.0,высокие
Gradient Boosting,1393.7679988414857,0.0,высокие
Gradient Boosting,640.5671357149749,0.0,средние
Gradient Boosting,15642.745715050662,0.0,очень высокие
Gradient Boosting,2146.0010875390853,0.0,средние
Gradient Boosting,540.3777994368565,0.0,низкие
Gradient Boosting,258.7172253618328,0.0,средние
Gradient Boosting,40.66701174225818,0.0,высокие
Gradient Boosting,969.9145394863399,0.0,средние
Gradient Boosting,90.02383361753891,0.0,высокие
Gradient Boosting,201.03960967277771,0.0,низкие
Gradient Boosting,1296.5851572916981,1.0,очень высокие
Gradient Boosting,1553.8631587818982,0.0,высокие
Gradient Boosting,33.69023586539879,0.0,высокие
Gradient Boosting,918.7744581893403,0.0,средние
Gradient Boosting,1070.5016595620673,0.0,низкие
Gradient Boosting,2548.428193315176,1.0,очень высокие
Gradient Boosting,13738.991613988654,0.0,очень высокие
Gradient Boosting,685.6978974821013,0.0,низкие
Gradient Boosting,1038.5918121921186,0.0,средние
Gradient Boosting,244.62560240213406,0.0,низкие
Gradient Boosting,321.9712365184605,1.0,очень высокие
Gradient Boosting,10469.572750406807,1.0,очень высокие
Gradient Boosting,662.08483160578,0.0,низкие
Gradient Boosting,782.8106312290038,0.0,высокие
Gradient Boosting,726.4086463413278,0.0,средние
Gradient Boosting,179.01423820304353,0.0,низкие
Gradient Boosting,272.9311264478265,0.0,средние
Gradient Boosting,118.12777805457154,0.0,средние
Gradient Boosting,631.8461646308776,0.0,низкие
Gradient Boosting,879.3113932965398,0.0,низкие
Gradient Boosting,206.03090016215174,0.0,средние
Gradient Boosting,1157.9097865919412,0.0,высокие
Gradient Boosting,183.30063930151118,0.0,средние
Gradient Boosting,609.8120516031204,0.0,низкие
Gradient Boosting,1421.2536939968631,0.0,высокие
Gradient Boosting,70.94922391450291,0.0,средние
Gradient Boosting,493.82107547818623,0.0,низкие
Gradient Boosting,1227.2075631966327,1.0,очень высокие
Gradient Boosting,541.4602647515785,0.0,средние
Gradient Boosting,68.27220646403111,0.0,низкие
Gradient Boosting,1117.260095419364,0.0,средние
Gradient Boosting,1265.5360257288312,0.0,низкие
Gradient Boosting,444.53494537635197,0.0,средние
Gradient Boosting,620.7664202100714,1.0,очень высокие
Gradient Boosting,816.8585617008202,0.0,низкие
Gradient Boosting,1528.4740404897552,0.0,низкие
Gradient Boosting,888.3761076120463,0.0,средние
Gradient Boosting,1340.6364800291308,0.0,низкие
Gradient Boosting,367.0518055872776,0.0,низкие
Gradient Boosting,18524.73254342372,0.0,очень высокие
Gradient Boosting,649.9410100703803,0.0,низкие
Gradient Boosting,166.25335442686992,0.0,высокие
Gradient Boosting,175.58306669167268,0.0,средние
Gradient Boosting,373.61786113927474,0.0,низкие
Gradient Boosting,1392.4831232222314,0.0,средние
Gradient Boosting,420.4832922799942,0.0,высокие
Gradient Boosting,1659.9533029403046,0.0,высокие
Gradient Boosting,693.8929982943519,0.0,высокие
Gradient Boosting,478.50114502555516,1.0,очень высокие
Gradient Boosting,95.342835208402,0.0,средние
Gradient Boosting,442.84962920039925,0.0,низкие
Gradient Boosting,1505.1930757779883,0.0,высокие
Gradient Boosting,409.767334925652,0.0,средние
Gradient Boosting,551.443588189064,0.0,средние
Gradient Boosting,290.57665582423215,0.0,низкие
Gradient Boosting,89.51764896287841,0.0,низкие
Gradient Boosting,875.8032411378445,0.0,средние
Gradient Boosting,207.6793372733373,0.0,низкие
Gradient Boosting,559.3491963787837,0.0,высокие
Gradient Boosting,53.93419181387435,0.0,средние
Gradient Boosting,1027.7248677082089,0.0,средние
Gradient Boosting,1279.9996623518828,0.0,низкие
Gradient Boosting,1288.5015487437904,0.0,низкие
Gradient Boosting,789.2148743262787,0.0,высокие
Gradient Boosting,1764.4682230273065,0.0,высокие
Gradient Boosting,300.4449818638243,0.0,низкие
Gradient Boosting,121.77438968277511,0.0,средние
Gradient Boosting,1027.9286919691876,0.0,средние
Gradient Boosting,1386.7353873238262,0.0,средние
Gradient Boosting,349.8497275251739,0.0,средние
Gradient Boosting,1538.4774102738393,0.0,высокие
Gradient Boosting,8488.910389043092,1.0,очень высокие
Gradient Boosting,339.12885363032774,0.0,низкие
Gradient Boosting,326.4231695719791,0.0,высокие
Gradient Boosting,575.6161612635387,0.0,средние
Gradient Boosting,1897.9896577296258,0.0,высокие
Gradient Boosting,13266.64974079717,0.0,очень высокие
Gradient Boosting,2191.519363152416,0.0,средние
Gradient Boosting,245.9887606949469,0.0,высокие
Gradient Boosting,100.64892070249516,0.0,высокие
Gradient Boosting,590.28759217695,0.0,высокие
Gradient Boosting,23288.01717178294,0.0,очень высокие
Gradient Boosting,434.6798422833508,0.0,высокие
Gradient Boosting,1492.6699879561638,0.0,высокие
Gradient Boosting,1182.1396870670806,0.0,средние
Gradient Boosting,6819.419922801193,1.0,очень высокие
Gradient Boosting,238.14715545702757,0.0,низкие
Gradient Boosting,841.8483571363886,0.0,средние
Gradient Boosting,1283.4813329986582,0.0,низкие
Gradient Boosting,21994.835227006457,0.0,очень высокие
Gradient Boosting,187.6770865265171,1.0,очень высокие
Gradient Boosting,20548.127566933283,0.0,очень высокие
Gradient Boosting,16970.762365397764,0.0,очень высокие
Gradient Boosting,338.0800579599618,0.0,средние
Gradient Boosting,365.9574991676054,0.0,средние
Gradient Boosting,1265.1160633571571,0.0,средние
Gradient Boosting,308.80867422751544,0.0,высокие
Gradient Boosting,4417.205162802671,1.0,высокие
Gradient Boosting,977.320039809782,0.0,низкие
Gradient Boosting,6572.855969310189,0.0,высокие
Gradient Boosting,642.7638843122581,0.0,низкие
Gradient Boosting,97.73756957200567,0.0,высокие
Gradient Boosting,2084.910667526354,1.0,очень высокие
Gradient Boosting,384.7620180912188,0.0,низкие
Gradient Boosting,1952.7752167042127,1.0,очень высокие
Gradient Boosting,180.1033172316029,0.0,низкие
Gradient Boosting,209.0399517037397,0.0,низкие
Gradient Boosting,843.6157027097552,0.0,средние
Gradient Boosting,448.31282518103035,1.0,очень высокие
Gradient Boosting,2087.156126710084,0.0,высокие
Gradient Boosting,1777.0520086020988,0.0,высокие
Gradient Boosting,931.1975835291341,0.0,средние
Gradient Boosting,16080.543157222604,0.0,очень высокие
Gradient Boosting,806.429816522359,1.0,очень высокие
Gradient Boosting,145.86220751549627,0.0,средние
Gradient Boosting,1325.1228919691785,0.0,средние
Gradient Boosting,1000.5323314706347,0.0,высокие
Gradient Boosting,19022.604413029276,0.0,очень высокие
Gradient Boosting,691.623905091812,0.0,низкие
Gradient Boosting,810.3355927484276,0.0,низкие
Gradient Boosting,251.24752873856778,1.0,очень высокие
Gradient Boosting,1511.5815611009803,0.0,средние
Gradient Boosting,405.605784946154,0.0,высокие
Gradient Boosting,9796.3122128708,0.0,очень высокие
Gradient Boosting,1346.5812306365715,0.0,высокие
Gradient Boosting,398.7336675175393,1.0,очень высокие
Gradient Boosting,394.71190481012513,0.0,низкие
Gradient Boosting,596.9453204518336,0.0,низкие
Gradient Boosting,2537.854984883754,0.0,высокие
Gradient Boosting,735.4947330965115,1.0,очень высокие
Gradient Boosting,425.9790079731938,1.0,очень высокие
Gradient Boosting,1476.0158357594973,1.0,высокие
Gradient Boosting,1234.9403190990524,1.0,очень высокие
Gradient Boosting,668.9921914694187,0.0,средние
Gradient Boosting,359.8269123801965,0.0,высокие
Gradient Boosting,538.0814606408094,1.0,очень высокие
Gradient Boosting,1456.3225469991303,0.0,высокие
Gradient Boosting,2003.3851149622114,0.0,высокие
Gradient Boosting,73.38385579988062,0.0,средние
Gradient Boosting,35.39029847774691,0.0,высокие
Gradient Boosting,659.7218316057806,0.0,низкие
Gradient Boosting,578.8626840523293,0.0,средние
Gradient Boosting,1269.0050238135918,1.0,очень высокие
Gradient Boosting,812.7807015222497,0.0,высокие
Gradient Boosting,296.8824360983381,0.0,средние
Gradient Boosting,72.79792391449882,0.0,средние
Gradient Boosting,604.6551515271422,1.0,очень высокие
Gradient Boosting,1474.8414143725367,0.0,высокие
Gradient Boosting,1212.0584576528963,1.0,очень высокие
Gradient Boosting,477.5607278407915,0.0,средние
Gradient Boosting,696.090707410589,1.0,очень высокие
Gradient Boosting,1001.4303448148949,1.0,высокие
Gradient Boosting,3715.1751236872587,1.0,очень высокие
Gradient Boosting,2167.9142433152338,1.0,очень высокие
Gradient Boosting,18.424590377244385,0.0,высокие
Gradient Boosting,1315.72182479391,0.0,средние
Gradient Boosting,1020.3131218336839,0.0,средние
Gradient Boosting,1257.729570666952,0.0,высокие
Gradient Boosting,894.5523151972061,0.0,низкие
Gradient Boosting,891.5625508012272,1.0,очень высокие
Gradient Boosting,301.02521766381733,0.0,низкие
Gradient Boosting,1138.8353547782917,0.0,высокие
Gradient Boosting,545.2454306042464,0.0,низкие
Gradient Boosting,22.880715479484934,1.0,очень высокие
Gradient Boosting,1069.8640670895256,0.0,средние
Gradient Boosting,31.17273272165403,0.0,высокие
Gradient Boosting,1538.1489749691373,0.0,высокие
Gradient Boosting,10.272050225830753,1.0,очень высокие
Gradient Boosting,994.8422566357403,0.0,средние
Gradient Boosting,952.1689434764885,1.0,очень высокие
Gradient Boosting,2815.344157086114,1.0,очень высокие
Gradient Boosting,669.7300947548429,0.0,высокие
Gradient Boosting,18905.335132607863,1.0,очень высокие
Gradient Boosting,1315.6711041305953,0.0,высокие
Gradient Boosting,1266.844613290159,1.0,очень высокие
Gradient Boosting,387.79638606841036,1.0,очень высокие
Gradient Boosting,271.1976373464863,0.0,низкие
Gradient Boosting,1132.8747730667847,0.0,средние
Gradient Boosting,1570.1239619644693,1.0,очень высокие
Gradient Boosting,558.1823694420918,0.0,средние
Gradient Boosting,1644.6083179194766,0.0,низкие
Gradient Boosting,90.93495827433526,0.0,низкие
Gradient Boosting,2246.3767654611656,0.0,низкие
Gradient Boosting,2245.153721454615,1.0,очень высокие
Gradient Boosting,450.2822472483715,0.0,низкие
Gradient Boosting,830.3333647694617,0.0,средние
Gradient Boosting,1954.2840565564984,1.0,очень высокие
Gradient Boosting,911.8849582607763,0.0,высокие
Gradient Boosting,1081.9669842304193,0.0,низкие
Gradient Boosting,958.9151430290003,0.0,высокие
Gradient Boosting,1082.4246362325812,0.0,средние
Gradient Boosting,327.8634017674849,0.0,средние
Gradient Boosting,1239.460979973741,0.0,низкие
Gradient Boosting,469.93008019237914,0.0,средние
Gradient Boosting,1564.903411067321,0.0,средние
Gradient Boosting,219.8167142950042,1.0,очень высокие
Gradient Boosting,841.1031315191776,0.0,высокие
Gradient Boosting,662.8261452391835,0.0,высокие
Gradient Boosting,828.5670666688893,1.0,очень высокие
Gradient Boosting,432.79019455789967,0.0,низкие
